{
  "mae_dollar": 4065.848342924253,
  "rmse_dollar": 7783.82483751004,
  "r2_dollar": 0.5872594237759514,
  "n_train": 1070,
  "n_test": 268
}