{
  "mae_dollar": 4065.8483429242556,
  "rmse_dollar": 7783.8248375100375,
  "r2_dollar": 0.5872594237759516,
  "n_train": 1070,
  "n_test": 268
}