{
  "mae": 2873.9332435341357,
  "rmse": 5551.565803947252,
  "r2": 0.7900470208182623,
  "best_val_nll": -1.3726149797439575,
  "n_components": 2,
  "n_train": 1070,
  "n_test": 268
}