{
  "mae": 2757.70331158378,
  "rmse": 5227.724988258637,
  "r2": 0.8138270744823117,
  "best_val_nll": -1.4259318113327026,
  "n_components": 2,
  "n_train": 1070,
  "n_test": 268
}