{
  "mae": 3149.5631829355175,
  "rmse": 5231.620270774003,
  "r2": 0.8135495287727297,
  "best_val_loss": 28540946.261682242,
  "n_train": 1070,
  "n_test": 268
}