{
  "mae": 3140.8529358579176,
  "rmse": 5281.3231395973235,
  "r2": 0.8099899644846312,
  "best_val_loss": 22491867.495327104,
  "n_train": 1070,
  "n_test": 268
}