{
  "mae": 2642.410087449912,
  "rmse": 4830.4655827365905,
  "r2": 0.8410468855126283,
  "n_train": 1070,
  "n_test": 268
}